letter	frequency
A	0.00074
B	0.01974
C	0.0015
D	0.0236
E	0.00978
F	0.02758
G	0.09056
H	0.06327
I	0.05987
J	0.00095
K	0.01929
L	0.07507
M	0.06749
N	0.02406
O	0.04025
P	0.00772
Q	0.00153
R	0.06966
S	0.06094
T	0.02015
U	0.02288
V	0.12702
W	0.04253
X	0.02782
Y	0.01492
Z	0.08167